Ä£ÐÍ,Accuracy,AUC,Type1-error,Type2-error
DT,0.665,0.59484313,0.165,0.17
KNN,0.665,0.520915975,0.09,0.245
RF,0.81,0.717393918,0.04,0.15
SVM,0.76,0.672075971,0.08,0.16
