Ä£ÐÍ,Accuracy,AUC,Type1-error,Type2-error
DT,0.847826087,0.838742394,0.072463768,0.079710145
KNN,0.702898551,0.683231913,0.144927536,0.152173913
RF,0.876811594,0.857674104,0.079710145,0.043478261
SVM,0.855072464,0.83637593,0.086956522,0.057971014
