,IV Value,价值分类
X2,0.12410420433355521,中价值特征
X3,0.23171895326541392,中价值特征
X4,0.19345497583788943,中价值特征
X6,0.3026016043747465,强价值特征
X13,0.16435503089148296,中价值特征
