,IV Value,价值分类
X2,0.2091253969039502,中价值特征
X3,0.2932335473908263,中价值特征
X5,0.1960095569042267,中价值特征
X9,0.11263826240979674,中价值特征
