Disaster,score
Tropical Cyclone,0.9299774059883721
Storm,0.5118105357424765
Drought,0.47569416218334526
Flooding,0.11970599846703898
Wildfire,0.07946367442150387
Freeze,0.028354419674325938
